"Year","Age.group","Value","Sex"
1976,"15 years and over",35300,"Both sexes"
1976,"15 years and over",53600,"Males"
1976,"15 years and over",19400,"Females"
1976,"15 to 24 years",19400,"Both sexes"
1976,"15 to 24 years",23300,"Males"
1976,"15 to 24 years",15000,"Females"
1976,"25 to 54 years",52300,"Both sexes"
1976,"25 to 54 years",69400,"Males"
1976,"25 to 54 years",28400,"Females"
1976,"25 to 34 years",50300,"Both sexes"
1976,"25 to 34 years",65400,"Males"
1976,"25 to 34 years",30600,"Females"
1976,"35 to 44 years",57200,"Both sexes"
1976,"35 to 44 years",76300,"Males"
1976,"35 to 44 years",27500,"Females"
1976,"45 to 54 years",51800,"Both sexes"
1976,"45 to 54 years",70200,"Males"
1976,"45 to 54 years",25400,"Females"
1976,"55 to 64 years",39400,"Both sexes"
1976,"55 to 64 years",56200,"Males"
1976,"55 to 64 years",18400,"Females"
1976,"65 years and over",15700,"Both sexes"
1976,"65 years and over",21100,"Males"
1976,"65 years and over",13700,"Females"
1977,"15 years and over",35500,"Both sexes"
1977,"15 years and over",53300,"Males"
1977,"15 years and over",21100,"Females"
1977,"15 to 24 years",21400,"Both sexes"
1977,"15 to 24 years",24600,"Males"
1977,"15 to 24 years",18100,"Females"
1977,"25 to 54 years",51300,"Both sexes"
1977,"25 to 54 years",68700,"Males"
1977,"25 to 54 years",29300,"Females"
1977,"25 to 34 years",48900,"Both sexes"
1977,"25 to 34 years",63200,"Males"
1977,"25 to 34 years",31200,"Females"
1977,"35 to 44 years",54700,"Both sexes"
1977,"35 to 44 years",74300,"Males"
1977,"35 to 44 years",28400,"Females"
1977,"45 to 54 years",52800,"Both sexes"
1977,"45 to 54 years",71400,"Males"
1977,"45 to 54 years",26700,"Females"
1977,"55 to 64 years",40400,"Both sexes"
1977,"55 to 64 years",59300,"Males"
1977,"55 to 64 years",18700,"Females"
1977,"65 years and over",15800,"Both sexes"
1977,"65 years and over",19500,"Males"
1977,"65 years and over",14000,"Females"
1978,"15 years and over",35900,"Both sexes"
1978,"15 years and over",53400,"Males"
1978,"15 years and over",21600,"Females"
1978,"15 to 24 years",19500,"Both sexes"
1978,"15 to 24 years",23600,"Males"
1978,"15 to 24 years",16500,"Females"
1978,"25 to 54 years",51600,"Both sexes"
1978,"25 to 54 years",68200,"Males"
1978,"25 to 54 years",30600,"Females"
1978,"25 to 34 years",48500,"Both sexes"
1978,"25 to 34 years",62700,"Males"
1978,"25 to 34 years",31400,"Females"
1978,"35 to 44 years",56700,"Both sexes"
1978,"35 to 44 years",74700,"Males"
1978,"35 to 44 years",30100,"Females"
1978,"45 to 54 years",53200,"Both sexes"
1978,"45 to 54 years",71500,"Males"
1978,"45 to 54 years",30100,"Females"
1978,"55 to 64 years",40400,"Both sexes"
1978,"55 to 64 years",57900,"Males"
1978,"55 to 64 years",19300,"Females"
1978,"65 years and over",16900,"Both sexes"
1978,"65 years and over",21500,"Males"
1978,"65 years and over",15200,"Females"
1979,"15 years and over",35600,"Both sexes"
1979,"15 years and over",52400,"Males"
1979,"15 years and over",21300,"Females"
1979,"15 to 24 years",21100,"Both sexes"
1979,"15 to 24 years",24600,"Males"
1979,"15 to 24 years",17500,"Females"
1979,"25 to 54 years",50600,"Both sexes"
1979,"25 to 54 years",67300,"Males"
1979,"25 to 54 years",30100,"Females"
1979,"25 to 34 years",48700,"Both sexes"
1979,"25 to 34 years",62100,"Males"
1979,"25 to 34 years",31800,"Females"
1979,"35 to 44 years",53300,"Both sexes"
1979,"35 to 44 years",72300,"Males"
1979,"35 to 44 years",29800,"Females"
1979,"45 to 54 years",52100,"Both sexes"
1979,"45 to 54 years",70000,"Males"
1979,"45 to 54 years",27400,"Females"
1979,"55 to 64 years",40100,"Both sexes"
1979,"55 to 64 years",58600,"Males"
1979,"55 to 64 years",18000,"Females"
1979,"65 years and over",17200,"Both sexes"
1979,"65 years and over",21700,"Males"
1979,"65 years and over",15700,"Females"
1980,"15 years and over",35500,"Both sexes"
1980,"15 years and over",53600,"Males"
1980,"15 years and over",21800,"Females"
1980,"15 to 24 years",18000,"Both sexes"
1980,"15 to 24 years",21300,"Males"
1980,"15 to 24 years",15100,"Females"
1980,"25 to 54 years",51500,"Both sexes"
1980,"25 to 54 years",68500,"Males"
1980,"25 to 54 years",31600,"Females"
1980,"25 to 34 years",49200,"Both sexes"
1980,"25 to 34 years",62900,"Males"
1980,"25 to 34 years",33300,"Females"
1980,"35 to 44 years",54600,"Both sexes"
1980,"35 to 44 years",74400,"Males"
1980,"35 to 44 years",30600,"Females"
1980,"45 to 54 years",53800,"Both sexes"
1980,"45 to 54 years",70300,"Males"
1980,"45 to 54 years",29500,"Females"
1980,"55 to 64 years",41100,"Both sexes"
1980,"55 to 64 years",62800,"Males"
1980,"55 to 64 years",18200,"Females"
1980,"65 years and over",19300,"Both sexes"
1980,"65 years and over",25200,"Males"
1980,"65 years and over",17000,"Females"
1981,"15 years and over",35300,"Both sexes"
1981,"15 years and over",51400,"Males"
1981,"15 years and over",22400,"Females"
1981,"15 to 24 years",19100,"Both sexes"
1981,"15 to 24 years",22300,"Males"
1981,"15 to 24 years",16600,"Females"
1981,"25 to 54 years",49600,"Both sexes"
1981,"25 to 54 years",65900,"Males"
1981,"25 to 54 years",31200,"Females"
1981,"25 to 34 years",46800,"Both sexes"
1981,"25 to 34 years",61100,"Males"
1981,"25 to 34 years",31800,"Females"
1981,"35 to 44 years",54800,"Both sexes"
1981,"35 to 44 years",72500,"Males"
1981,"35 to 44 years",32900,"Females"
1981,"45 to 54 years",49900,"Both sexes"
1981,"45 to 54 years",68900,"Males"
1981,"45 to 54 years",28300,"Females"
1981,"55 to 64 years",39400,"Both sexes"
1981,"55 to 64 years",57300,"Males"
1981,"55 to 64 years",19100,"Females"
1981,"65 years and over",19800,"Both sexes"
1981,"65 years and over",24700,"Males"
1981,"65 years and over",17400,"Females"
1982,"15 years and over",33600,"Both sexes"
1982,"15 years and over",48200,"Males"
1982,"15 years and over",22200,"Females"
1982,"15 to 24 years",16400,"Both sexes"
1982,"15 to 24 years",18100,"Males"
1982,"15 to 24 years",14700,"Females"
1982,"25 to 54 years",46800,"Both sexes"
1982,"25 to 54 years",63000,"Males"
1982,"25 to 54 years",30600,"Females"
1982,"25 to 34 years",44100,"Both sexes"
1982,"25 to 34 years",56000,"Males"
1982,"25 to 34 years",32000,"Females"
1982,"35 to 44 years",51100,"Both sexes"
1982,"35 to 44 years",70400,"Males"
1982,"35 to 44 years",30400,"Females"
1982,"45 to 54 years",48600,"Both sexes"
1982,"45 to 54 years",68300,"Males"
1982,"45 to 54 years",28000,"Females"
1982,"55 to 64 years",37700,"Both sexes"
1982,"55 to 64 years",56300,"Males"
1982,"55 to 64 years",19300,"Females"
1982,"65 years and over",20500,"Both sexes"
1982,"65 years and over",26900,"Males"
1982,"65 years and over",18000,"Females"
1983,"15 years and over",31800,"Both sexes"
1983,"15 years and over",46800,"Males"
1983,"15 years and over",21000,"Females"
1983,"15 to 24 years",13900,"Both sexes"
1983,"15 to 24 years",16400,"Males"
1983,"15 to 24 years",11900,"Females"
1983,"25 to 54 years",46700,"Both sexes"
1983,"25 to 54 years",61500,"Males"
1983,"25 to 54 years",30300,"Females"
1983,"25 to 34 years",43000,"Both sexes"
1983,"25 to 34 years",53700,"Males"
1983,"25 to 34 years",31400,"Females"
1983,"35 to 44 years",50700,"Both sexes"
1983,"35 to 44 years",68700,"Males"
1983,"35 to 44 years",31700,"Females"
1983,"45 to 54 years",47400,"Both sexes"
1983,"45 to 54 years",66800,"Males"
1983,"45 to 54 years",24700,"Females"
1983,"55 to 64 years",37000,"Both sexes"
1983,"55 to 64 years",57000,"Males"
1983,"55 to 64 years",19000,"Females"
1983,"65 years and over",20300,"Both sexes"
1983,"65 years and over",26400,"Males"
1983,"65 years and over",17600,"Females"
1984,"15 years and over",31800,"Both sexes"
1984,"15 years and over",45500,"Males"
1984,"15 years and over",22400,"Females"
1984,"15 to 24 years",15000,"Both sexes"
1984,"15 to 24 years",16300,"Males"
1984,"15 to 24 years",13700,"Females"
1984,"25 to 54 years",45700,"Both sexes"
1984,"25 to 54 years",61200,"Males"
1984,"25 to 54 years",30500,"Females"
1984,"25 to 34 years",42400,"Both sexes"
1984,"25 to 34 years",54000,"Males"
1984,"25 to 34 years",31300,"Females"
1984,"35 to 44 years",50600,"Both sexes"
1984,"35 to 44 years",68900,"Males"
1984,"35 to 44 years",32200,"Females"
1984,"45 to 54 years",46000,"Both sexes"
1984,"45 to 54 years",63800,"Males"
1984,"45 to 54 years",26700,"Females"
1984,"55 to 64 years",34900,"Both sexes"
1984,"55 to 64 years",52900,"Males"
1984,"55 to 64 years",19200,"Females"
1984,"65 years and over",21300,"Both sexes"
1984,"65 years and over",26800,"Males"
1984,"65 years and over",18700,"Females"
1985,"15 years and over",32600,"Both sexes"
1985,"15 years and over",46600,"Males"
1985,"15 years and over",22800,"Females"
1985,"15 to 24 years",14600,"Both sexes"
1985,"15 to 24 years",16400,"Males"
1985,"15 to 24 years",13200,"Females"
1985,"25 to 54 years",45900,"Both sexes"
1985,"25 to 54 years",61300,"Males"
1985,"25 to 54 years",31300,"Females"
1985,"25 to 34 years",42600,"Both sexes"
1985,"25 to 34 years",53400,"Males"
1985,"25 to 34 years",32000,"Females"
1985,"35 to 44 years",51100,"Both sexes"
1985,"35 to 44 years",70400,"Males"
1985,"35 to 44 years",32900,"Females"
1985,"45 to 54 years",47100,"Both sexes"
1985,"45 to 54 years",67200,"Males"
1985,"45 to 54 years",27600,"Females"
1985,"55 to 64 years",34700,"Both sexes"
1985,"55 to 64 years",52200,"Males"
1985,"55 to 64 years",19600,"Females"
1985,"65 years and over",22200,"Both sexes"
1985,"65 years and over",27900,"Males"
1985,"65 years and over",19900,"Females"
1986,"15 years and over",33500,"Both sexes"
1986,"15 years and over",47000,"Males"
1986,"15 years and over",23500,"Females"
1986,"15 to 24 years",15200,"Both sexes"
1986,"15 to 24 years",16500,"Males"
1986,"15 to 24 years",13800,"Females"
1986,"25 to 54 years",46800,"Both sexes"
1986,"25 to 54 years",62200,"Males"
1986,"25 to 54 years",32400,"Females"
1986,"25 to 34 years",43200,"Both sexes"
1986,"25 to 34 years",54000,"Males"
1986,"25 to 34 years",32600,"Females"
1986,"35 to 44 years",51600,"Both sexes"
1986,"35 to 44 years",70200,"Males"
1986,"35 to 44 years",33900,"Females"
1986,"45 to 54 years",50100,"Both sexes"
1986,"45 to 54 years",69400,"Males"
1986,"45 to 54 years",29900,"Females"
1986,"55 to 64 years",36000,"Both sexes"
1986,"55 to 64 years",54300,"Males"
1986,"55 to 64 years",20600,"Females"
1986,"65 years and over",22400,"Both sexes"
1986,"65 years and over",28100,"Males"
1986,"65 years and over",20100,"Females"
1987,"15 years and over",33800,"Both sexes"
1987,"15 years and over",47300,"Males"
1987,"15 years and over",24000,"Females"
1987,"15 to 24 years",15000,"Both sexes"
1987,"15 to 24 years",16700,"Males"
1987,"15 to 24 years",13200,"Females"
1987,"25 to 54 years",46600,"Both sexes"
1987,"25 to 54 years",62000,"Males"
1987,"25 to 54 years",32900,"Females"
1987,"25 to 34 years",42600,"Both sexes"
1987,"25 to 34 years",53000,"Males"
1987,"25 to 34 years",32800,"Females"
1987,"35 to 44 years",51300,"Both sexes"
1987,"35 to 44 years",70600,"Males"
1987,"35 to 44 years",34200,"Females"
1987,"45 to 54 years",50700,"Both sexes"
1987,"45 to 54 years",69400,"Males"
1987,"45 to 54 years",29900,"Females"
1987,"55 to 64 years",36200,"Both sexes"
1987,"55 to 64 years",54700,"Males"
1987,"55 to 64 years",20600,"Females"
1987,"65 years and over",23000,"Both sexes"
1987,"65 years and over",28700,"Males"
1987,"65 years and over",20700,"Females"
1988,"15 years and over",35400,"Both sexes"
1988,"15 years and over",49000,"Males"
1988,"15 years and over",24600,"Females"
1988,"15 to 24 years",15400,"Both sexes"
1988,"15 to 24 years",17000,"Males"
1988,"15 to 24 years",14200,"Females"
1988,"25 to 54 years",47500,"Both sexes"
1988,"25 to 54 years",63600,"Males"
1988,"25 to 54 years",34000,"Females"
1988,"25 to 34 years",43000,"Both sexes"
1988,"25 to 34 years",54200,"Males"
1988,"25 to 34 years",33200,"Females"
1988,"35 to 44 years",52400,"Both sexes"
1988,"35 to 44 years",71100,"Males"
1988,"35 to 44 years",35700,"Females"
1988,"45 to 54 years",51200,"Both sexes"
1988,"45 to 54 years",69000,"Males"
1988,"45 to 54 years",32900,"Females"
1988,"55 to 64 years",38300,"Both sexes"
1988,"55 to 64 years",55400,"Males"
1988,"55 to 64 years",21200,"Females"
1988,"65 years and over",23100,"Both sexes"
1988,"65 years and over",29600,"Males"
1988,"65 years and over",20300,"Females"
1989,"15 years and over",36400,"Both sexes"
1989,"15 years and over",49800,"Males"
1989,"15 years and over",26500,"Females"
1989,"15 to 24 years",16600,"Both sexes"
1989,"15 to 24 years",18700,"Males"
1989,"15 to 24 years",14800,"Females"
1989,"25 to 54 years",48100,"Both sexes"
1989,"25 to 54 years",62700,"Males"
1989,"25 to 54 years",35300,"Females"
1989,"25 to 34 years",43000,"Both sexes"
1989,"25 to 34 years",53400,"Males"
1989,"25 to 34 years",34100,"Females"
1989,"35 to 44 years",52700,"Both sexes"
1989,"35 to 44 years",70500,"Males"
1989,"35 to 44 years",37400,"Females"
1989,"45 to 54 years",51100,"Both sexes"
1989,"45 to 54 years",69900,"Males"
1989,"45 to 54 years",34200,"Females"
1989,"55 to 64 years",38200,"Both sexes"
1989,"55 to 64 years",55100,"Males"
1989,"55 to 64 years",21000,"Females"
1989,"65 years and over",24200,"Both sexes"
1989,"65 years and over",31100,"Males"
1989,"65 years and over",21000,"Females"
1990,"15 years and over",35000,"Both sexes"
1990,"15 years and over",48100,"Males"
1990,"15 years and over",25500,"Females"
1990,"15 to 24 years",13500,"Both sexes"
1990,"15 to 24 years",14300,"Males"
1990,"15 to 24 years",12700,"Females"
1990,"25 to 54 years",46400,"Both sexes"
1990,"25 to 54 years",60100,"Males"
1990,"25 to 54 years",33800,"Females"
1990,"25 to 34 years",41800,"Both sexes"
1990,"25 to 34 years",52100,"Males"
1990,"25 to 34 years",32500,"Females"
1990,"35 to 44 years",50200,"Both sexes"
1990,"35 to 44 years",65900,"Males"
1990,"35 to 44 years",35900,"Females"
1990,"45 to 54 years",50100,"Both sexes"
1990,"45 to 54 years",69400,"Males"
1990,"45 to 54 years",32300,"Females"
1990,"55 to 64 years",37400,"Both sexes"
1990,"55 to 64 years",52800,"Males"
1990,"55 to 64 years",21300,"Females"
1990,"65 years and over",25200,"Both sexes"
1990,"65 years and over",31300,"Males"
1990,"65 years and over",22000,"Females"
1991,"15 years and over",33300,"Both sexes"
1991,"15 years and over",45400,"Males"
1991,"15 years and over",24900,"Females"
1991,"15 to 24 years",12800,"Both sexes"
1991,"15 to 24 years",13500,"Males"
1991,"15 to 24 years",12100,"Females"
1991,"25 to 54 years",44900,"Both sexes"
1991,"25 to 54 years",57500,"Males"
1991,"25 to 54 years",32900,"Females"
1991,"25 to 34 years",39900,"Both sexes"
1991,"25 to 34 years",48400,"Males"
1991,"25 to 34 years",31700,"Females"
1991,"35 to 44 years",48800,"Both sexes"
1991,"35 to 44 years",63900,"Males"
1991,"35 to 44 years",34700,"Females"
1991,"45 to 54 years",49400,"Both sexes"
1991,"45 to 54 years",66500,"Males"
1991,"45 to 54 years",32900,"Females"
1991,"55 to 64 years",35100,"Both sexes"
1991,"55 to 64 years",49100,"Males"
1991,"55 to 64 years",20300,"Females"
1991,"65 years and over",24600,"Both sexes"
1991,"65 years and over",30500,"Males"
1991,"65 years and over",21400,"Females"
1992,"15 years and over",33300,"Both sexes"
1992,"15 years and over",44400,"Males"
1992,"15 years and over",25100,"Females"
1992,"15 to 24 years",11900,"Both sexes"
1992,"15 to 24 years",12600,"Males"
1992,"15 to 24 years",11100,"Females"
1992,"25 to 54 years",45100,"Both sexes"
1992,"25 to 54 years",56900,"Males"
1992,"25 to 54 years",34100,"Females"
1992,"25 to 34 years",39900,"Both sexes"
1992,"25 to 34 years",47600,"Males"
1992,"25 to 34 years",32700,"Females"
1992,"35 to 44 years",49000,"Both sexes"
1992,"35 to 44 years",64000,"Males"
1992,"35 to 44 years",36400,"Females"
1992,"45 to 54 years",49600,"Both sexes"
1992,"45 to 54 years",64600,"Males"
1992,"45 to 54 years",32900,"Females"
1992,"55 to 64 years",33800,"Both sexes"
1992,"55 to 64 years",48400,"Males"
1992,"55 to 64 years",20200,"Females"
1992,"65 years and over",25100,"Both sexes"
1992,"65 years and over",32300,"Males"
1992,"65 years and over",21700,"Females"
1993,"15 years and over",32500,"Both sexes"
1993,"15 years and over",42900,"Males"
1993,"15 years and over",25100,"Females"
1993,"15 to 24 years",11800,"Both sexes"
1993,"15 to 24 years",12700,"Males"
1993,"15 to 24 years",11000,"Females"
1993,"25 to 54 years",43000,"Both sexes"
1993,"25 to 54 years",54400,"Males"
1993,"25 to 54 years",33400,"Females"
1993,"25 to 34 years",38100,"Both sexes"
1993,"25 to 34 years",46200,"Males"
1993,"25 to 34 years",31300,"Females"
1993,"35 to 44 years",46700,"Both sexes"
1993,"35 to 44 years",60100,"Males"
1993,"35 to 44 years",36100,"Females"
1993,"45 to 54 years",47000,"Both sexes"
1993,"45 to 54 years",63300,"Males"
1993,"45 to 54 years",33200,"Females"
1993,"55 to 64 years",33500,"Both sexes"
1993,"55 to 64 years",48400,"Males"
1993,"55 to 64 years",20100,"Females"
1993,"65 years and over",24800,"Both sexes"
1993,"65 years and over",32500,"Males"
1993,"65 years and over",21500,"Females"
1994,"15 years and over",32300,"Both sexes"
1994,"15 years and over",43600,"Males"
1994,"15 years and over",25000,"Females"
1994,"15 to 24 years",11800,"Both sexes"
1994,"15 to 24 years",12700,"Males"
1994,"15 to 24 years",10900,"Females"
1994,"25 to 54 years",44100,"Both sexes"
1994,"25 to 54 years",55800,"Males"
1994,"25 to 54 years",33400,"Females"
1994,"25 to 34 years",38700,"Both sexes"
1994,"25 to 34 years",46500,"Males"
1994,"25 to 34 years",31100,"Females"
1994,"35 to 44 years",47600,"Both sexes"
1994,"35 to 44 years",61800,"Males"
1994,"35 to 44 years",35300,"Females"
1994,"45 to 54 years",47600,"Both sexes"
1994,"45 to 54 years",63500,"Males"
1994,"45 to 54 years",34000,"Females"
1994,"55 to 64 years",31800,"Both sexes"
1994,"55 to 64 years",46000,"Males"
1994,"55 to 64 years",19500,"Females"
1994,"65 years and over",25500,"Both sexes"
1994,"65 years and over",33400,"Males"
1994,"65 years and over",22200,"Females"
1995,"15 years and over",32700,"Both sexes"
1995,"15 years and over",43200,"Males"
1995,"15 years and over",25100,"Females"
1995,"15 to 24 years",11500,"Both sexes"
1995,"15 to 24 years",12100,"Males"
1995,"15 to 24 years",10900,"Females"
1995,"25 to 54 years",43400,"Both sexes"
1995,"25 to 54 years",54900,"Males"
1995,"25 to 54 years",34000,"Females"
1995,"25 to 34 years",38200,"Both sexes"
1995,"25 to 34 years",45300,"Males"
1995,"25 to 34 years",31800,"Females"
1995,"35 to 44 years",47100,"Both sexes"
1995,"35 to 44 years",60400,"Males"
1995,"35 to 44 years",35400,"Females"
1995,"45 to 54 years",48200,"Both sexes"
1995,"45 to 54 years",62500,"Males"
1995,"45 to 54 years",34900,"Females"
1995,"55 to 64 years",31900,"Both sexes"
1995,"55 to 64 years",46100,"Males"
1995,"55 to 64 years",19800,"Females"
1995,"65 years and over",25900,"Both sexes"
1995,"65 years and over",33800,"Males"
1995,"65 years and over",22300,"Females"
1996,"15 years and over",31700,"Both sexes"
1996,"15 years and over",42600,"Males"
1996,"15 years and over",24100,"Females"
1996,"15 to 24 years",11000,"Both sexes"
1996,"15 to 24 years",12100,"Males"
1996,"15 to 24 years",10300,"Females"
1996,"25 to 54 years",42500,"Both sexes"
1996,"25 to 54 years",53700,"Males"
1996,"25 to 54 years",32000,"Females"
1996,"25 to 34 years",36300,"Both sexes"
1996,"25 to 34 years",44200,"Males"
1996,"25 to 34 years",29300,"Females"
1996,"35 to 44 years",45300,"Both sexes"
1996,"35 to 44 years",59500,"Males"
1996,"35 to 44 years",33900,"Females"
1996,"45 to 54 years",47600,"Both sexes"
1996,"45 to 54 years",62500,"Males"
1996,"45 to 54 years",33900,"Females"
1996,"55 to 64 years",32700,"Both sexes"
1996,"55 to 64 years",47600,"Males"
1996,"55 to 64 years",19300,"Females"
1996,"65 years and over",25500,"Both sexes"
1996,"65 years and over",33400,"Males"
1996,"65 years and over",22100,"Females"
1997,"15 years and over",31800,"Both sexes"
1997,"15 years and over",42300,"Males"
1997,"15 years and over",24300,"Females"
1997,"15 to 24 years",10700,"Both sexes"
1997,"15 to 24 years",11200,"Males"
1997,"15 to 24 years",10200,"Females"
1997,"25 to 54 years",42300,"Both sexes"
1997,"25 to 54 years",53500,"Males"
1997,"25 to 54 years",32500,"Females"
1997,"25 to 34 years",36900,"Both sexes"
1997,"25 to 34 years",44200,"Males"
1997,"25 to 34 years",29600,"Females"
1997,"35 to 44 years",45200,"Both sexes"
1997,"35 to 44 years",58500,"Males"
1997,"35 to 44 years",34000,"Females"
1997,"45 to 54 years",46800,"Both sexes"
1997,"45 to 54 years",61600,"Males"
1997,"45 to 54 years",34100,"Females"
1997,"55 to 64 years",31500,"Both sexes"
1997,"55 to 64 years",45500,"Males"
1997,"55 to 64 years",19700,"Females"
1997,"65 years and over",25800,"Both sexes"
1997,"65 years and over",33600,"Males"
1997,"65 years and over",22400,"Females"
1998,"15 years and over",32300,"Both sexes"
1998,"15 years and over",43200,"Males"
1998,"15 years and over",24400,"Females"
1998,"15 to 24 years",11700,"Both sexes"
1998,"15 to 24 years",12400,"Males"
1998,"15 to 24 years",11000,"Females"
1998,"25 to 54 years",43200,"Both sexes"
1998,"25 to 54 years",55000,"Males"
1998,"25 to 54 years",33200,"Females"
1998,"25 to 34 years",37500,"Both sexes"
1998,"25 to 34 years",45400,"Males"
1998,"25 to 34 years",30400,"Females"
1998,"35 to 44 years",46100,"Both sexes"
1998,"35 to 44 years",59200,"Males"
1998,"35 to 44 years",34500,"Females"
1998,"45 to 54 years",48000,"Both sexes"
1998,"45 to 54 years",64400,"Males"
1998,"45 to 54 years",35700,"Females"
1998,"55 to 64 years",32100,"Both sexes"
1998,"55 to 64 years",48300,"Males"
1998,"55 to 64 years",19700,"Females"
1998,"65 years and over",26000,"Both sexes"
1998,"65 years and over",33700,"Males"
1998,"65 years and over",22400,"Females"
1999,"15 years and over",33500,"Both sexes"
1999,"15 years and over",45000,"Males"
1999,"15 years and over",25600,"Females"
1999,"15 to 24 years",12200,"Both sexes"
1999,"15 to 24 years",12900,"Males"
1999,"15 to 24 years",11700,"Females"
1999,"25 to 54 years",44800,"Both sexes"
1999,"25 to 54 years",57300,"Males"
1999,"25 to 54 years",34300,"Females"
1999,"25 to 34 years",39100,"Both sexes"
1999,"25 to 34 years",47600,"Males"
1999,"25 to 34 years",31200,"Females"
1999,"35 to 44 years",48100,"Both sexes"
1999,"35 to 44 years",62100,"Males"
1999,"35 to 44 years",36300,"Females"
1999,"45 to 54 years",47900,"Both sexes"
1999,"45 to 54 years",63400,"Males"
1999,"45 to 54 years",35500,"Females"
1999,"55 to 64 years",34200,"Both sexes"
1999,"55 to 64 years",48800,"Males"
1999,"55 to 64 years",20300,"Females"
1999,"65 years and over",26600,"Both sexes"
1999,"65 years and over",34600,"Males"
1999,"65 years and over",22900,"Females"
2000,"15 years and over",33900,"Both sexes"
2000,"15 years and over",45400,"Males"
2000,"15 years and over",25900,"Females"
2000,"15 to 24 years",12000,"Both sexes"
2000,"15 to 24 years",12000,"Males"
2000,"15 to 24 years",12100,"Females"
2000,"25 to 54 years",45800,"Both sexes"
2000,"25 to 54 years",58600,"Males"
2000,"25 to 54 years",34700,"Females"
2000,"25 to 34 years",40900,"Both sexes"
2000,"25 to 34 years",49000,"Males"
2000,"25 to 34 years",32200,"Females"
2000,"35 to 44 years",48000,"Both sexes"
2000,"35 to 44 years",63300,"Males"
2000,"35 to 44 years",36400,"Females"
2000,"45 to 54 years",48200,"Both sexes"
2000,"45 to 54 years",64000,"Males"
2000,"45 to 54 years",35500,"Females"
2000,"55 to 64 years",34100,"Both sexes"
2000,"55 to 64 years",48700,"Males"
2000,"55 to 64 years",20500,"Females"
2000,"65 years and over",26800,"Both sexes"
2000,"65 years and over",34600,"Males"
2000,"65 years and over",22900,"Females"
2001,"15 years and over",34900,"Both sexes"
2001,"15 years and over",45700,"Males"
2001,"15 years and over",26900,"Females"
2001,"15 to 24 years",13000,"Both sexes"
2001,"15 to 24 years",13500,"Males"
2001,"15 to 24 years",12500,"Females"
2001,"25 to 54 years",46000,"Both sexes"
2001,"25 to 54 years",58000,"Males"
2001,"25 to 54 years",35900,"Females"
2001,"25 to 34 years",40900,"Both sexes"
2001,"25 to 34 years",48700,"Males"
2001,"25 to 34 years",33600,"Females"
2001,"35 to 44 years",48600,"Both sexes"
2001,"35 to 44 years",62600,"Males"
2001,"35 to 44 years",37800,"Females"
2001,"45 to 54 years",48200,"Both sexes"
2001,"45 to 54 years",63800,"Males"
2001,"45 to 54 years",37500,"Females"
2001,"55 to 64 years",35900,"Both sexes"
2001,"55 to 64 years",51100,"Males"
2001,"55 to 64 years",23000,"Females"
2001,"65 years and over",27500,"Both sexes"
2001,"65 years and over",35500,"Males"
2001,"65 years and over",23600,"Females"
2002,"15 years and over",34800,"Both sexes"
2002,"15 years and over",45400,"Males"
2002,"15 years and over",26400,"Females"
2002,"15 to 24 years",12400,"Both sexes"
2002,"15 to 24 years",13000,"Males"
2002,"15 to 24 years",11800,"Females"
2002,"25 to 54 years",45800,"Both sexes"
2002,"25 to 54 years",57700,"Males"
2002,"25 to 54 years",35800,"Females"
2002,"25 to 34 years",41100,"Both sexes"
2002,"25 to 34 years",49400,"Males"
2002,"25 to 34 years",33600,"Females"
2002,"35 to 44 years",48300,"Both sexes"
2002,"35 to 44 years",62200,"Males"
2002,"35 to 44 years",37300,"Females"
2002,"45 to 54 years",48100,"Both sexes"
2002,"45 to 54 years",63200,"Males"
2002,"45 to 54 years",36500,"Females"
2002,"55 to 64 years",35400,"Both sexes"
2002,"55 to 64 years",50400,"Males"
2002,"55 to 64 years",21600,"Females"
2002,"65 years and over",27500,"Both sexes"
2002,"65 years and over",35100,"Males"
2002,"65 years and over",23700,"Females"
2003,"15 years and over",34600,"Both sexes"
2003,"15 years and over",45100,"Males"
2003,"15 years and over",26600,"Females"
2003,"15 to 24 years",12200,"Both sexes"
2003,"15 to 24 years",13000,"Males"
2003,"15 to 24 years",11500,"Females"
2003,"25 to 54 years",45600,"Both sexes"
2003,"25 to 54 years",57500,"Males"
2003,"25 to 54 years",35900,"Females"
2003,"25 to 34 years",40400,"Both sexes"
2003,"25 to 34 years",48700,"Males"
2003,"25 to 34 years",33900,"Females"
2003,"35 to 44 years",48300,"Both sexes"
2003,"35 to 44 years",61700,"Males"
2003,"35 to 44 years",37100,"Females"
2003,"45 to 54 years",48400,"Both sexes"
2003,"45 to 54 years",64000,"Males"
2003,"45 to 54 years",36800,"Females"
2003,"55 to 64 years",36700,"Both sexes"
2003,"55 to 64 years",51300,"Males"
2003,"55 to 64 years",23600,"Females"
2003,"65 years and over",27500,"Both sexes"
2003,"65 years and over",35400,"Males"
2003,"65 years and over",23800,"Females"
2004,"15 years and over",35000,"Both sexes"
2004,"15 years and over",46100,"Males"
2004,"15 years and over",26900,"Females"
2004,"15 to 24 years",12100,"Both sexes"
2004,"15 to 24 years",13400,"Males"
2004,"15 to 24 years",11200,"Females"
2004,"25 to 54 years",46100,"Both sexes"
2004,"25 to 54 years",57800,"Males"
2004,"25 to 54 years",36400,"Females"
2004,"25 to 34 years",41700,"Both sexes"
2004,"25 to 34 years",50100,"Males"
2004,"25 to 34 years",34800,"Females"
2004,"35 to 44 years",47600,"Both sexes"
2004,"35 to 44 years",61600,"Males"
2004,"35 to 44 years",36900,"Females"
2004,"45 to 54 years",48700,"Both sexes"
2004,"45 to 54 years",62900,"Males"
2004,"45 to 54 years",37800,"Females"
2004,"55 to 64 years",36900,"Both sexes"
2004,"55 to 64 years",51500,"Males"
2004,"55 to 64 years",23500,"Females"
2004,"65 years and over",28000,"Both sexes"
2004,"65 years and over",36500,"Males"
2004,"65 years and over",24000,"Females"
2005,"15 years and over",35400,"Both sexes"
2005,"15 years and over",45700,"Males"
2005,"15 years and over",27600,"Females"
2005,"15 to 24 years",12300,"Both sexes"
2005,"15 to 24 years",12700,"Males"
2005,"15 to 24 years",11900,"Females"
2005,"25 to 54 years",46300,"Both sexes"
2005,"25 to 54 years",56900,"Males"
2005,"25 to 54 years",37000,"Females"
2005,"25 to 34 years",41500,"Both sexes"
2005,"25 to 34 years",49500,"Males"
2005,"25 to 34 years",35100,"Females"
2005,"35 to 44 years",48100,"Both sexes"
2005,"35 to 44 years",61000,"Males"
2005,"35 to 44 years",37800,"Females"
2005,"45 to 54 years",49700,"Both sexes"
2005,"45 to 54 years",63800,"Males"
2005,"45 to 54 years",38400,"Females"
2005,"55 to 64 years",39800,"Both sexes"
2005,"55 to 64 years",53200,"Males"
2005,"55 to 64 years",26400,"Females"
2005,"65 years and over",27900,"Both sexes"
2005,"65 years and over",35800,"Males"
2005,"65 years and over",23900,"Females"
2006,"15 years and over",35900,"Both sexes"
2006,"15 years and over",45700,"Males"
2006,"15 years and over",28200,"Females"
2006,"15 to 24 years",12300,"Both sexes"
2006,"15 to 24 years",13000,"Males"
2006,"15 to 24 years",11800,"Females"
2006,"25 to 54 years",47300,"Both sexes"
2006,"25 to 54 years",57100,"Males"
2006,"25 to 54 years",39100,"Females"
2006,"25 to 34 years",42000,"Both sexes"
2006,"25 to 34 years",48500,"Males"
2006,"25 to 34 years",37700,"Females"
2006,"35 to 44 years",48900,"Both sexes"
2006,"35 to 44 years",60800,"Males"
2006,"35 to 44 years",38800,"Females"
2006,"45 to 54 years",50700,"Both sexes"
2006,"45 to 54 years",63400,"Males"
2006,"45 to 54 years",41000,"Females"
2006,"55 to 64 years",40500,"Both sexes"
2006,"55 to 64 years",53500,"Males"
2006,"55 to 64 years",26500,"Females"
2006,"65 years and over",28800,"Both sexes"
2006,"65 years and over",37000,"Males"
2006,"65 years and over",24400,"Females"
2007,"15 years and over",37000,"Both sexes"
2007,"15 years and over",46300,"Males"
2007,"15 years and over",29300,"Females"
2007,"15 to 24 years",13100,"Both sexes"
2007,"15 to 24 years",13500,"Males"
2007,"15 to 24 years",12900,"Females"
2007,"25 to 54 years",48000,"Both sexes"
2007,"25 to 54 years",58100,"Males"
2007,"25 to 54 years",39900,"Females"
2007,"25 to 34 years",42200,"Both sexes"
2007,"25 to 34 years",48400,"Males"
2007,"25 to 34 years",37600,"Females"
2007,"35 to 44 years",50600,"Both sexes"
2007,"35 to 44 years",63300,"Males"
2007,"35 to 44 years",41500,"Females"
2007,"45 to 54 years",51500,"Both sexes"
2007,"45 to 54 years",64100,"Males"
2007,"45 to 54 years",40700,"Females"
2007,"55 to 64 years",41600,"Both sexes"
2007,"55 to 64 years",54300,"Males"
2007,"55 to 64 years",28700,"Females"
2007,"65 years and over",29200,"Both sexes"
2007,"65 years and over",37300,"Males"
2007,"65 years and over",25300,"Females"
2008,"15 years and over",37100,"Both sexes"
2008,"15 years and over",47000,"Males"
2008,"15 years and over",29200,"Females"
2008,"15 to 24 years",13000,"Both sexes"
2008,"15 to 24 years",14200,"Males"
2008,"15 to 24 years",11800,"Females"
2008,"25 to 54 years",49200,"Both sexes"
2008,"25 to 54 years",59700,"Males"
2008,"25 to 54 years",40700,"Females"
2008,"25 to 34 years",44500,"Both sexes"
2008,"25 to 34 years",51600,"Males"
2008,"25 to 34 years",37900,"Females"
2008,"35 to 44 years",51600,"Both sexes"
2008,"35 to 44 years",66300,"Males"
2008,"35 to 44 years",40700,"Females"
2008,"45 to 54 years",52700,"Both sexes"
2008,"45 to 54 years",63800,"Males"
2008,"45 to 54 years",43100,"Females"
2008,"55 to 64 years",39500,"Both sexes"
2008,"55 to 64 years",53400,"Males"
2008,"55 to 64 years",28100,"Females"
2008,"65 years and over",29400,"Both sexes"
2008,"65 years and over",37700,"Males"
2008,"65 years and over",25000,"Females"
2009,"15 years and over",37200,"Both sexes"
2009,"15 years and over",45900,"Males"
2009,"15 years and over",30200,"Females"
2009,"15 to 24 years",12100,"Both sexes"
2009,"15 to 24 years",13400,"Males"
2009,"15 to 24 years",11500,"Females"
2009,"25 to 54 years",48400,"Both sexes"
2009,"25 to 54 years",57000,"Males"
2009,"25 to 54 years",41200,"Females"
2009,"25 to 34 years",43000,"Both sexes"
2009,"25 to 34 years",49000,"Males"
2009,"25 to 34 years",36600,"Females"
2009,"35 to 44 years",51500,"Both sexes"
2009,"35 to 44 years",64800,"Males"
2009,"35 to 44 years",42700,"Females"
2009,"45 to 54 years",51200,"Both sexes"
2009,"45 to 54 years",61000,"Males"
2009,"45 to 54 years",43700,"Females"
2009,"55 to 64 years",42500,"Both sexes"
2009,"55 to 64 years",53100,"Males"
2009,"55 to 64 years",30600,"Females"
2009,"65 years and over",30000,"Both sexes"
2009,"65 years and over",38500,"Males"
2009,"65 years and over",25400,"Females"
2010,"15 years and over",37000,"Both sexes"
2010,"15 years and over",45600,"Males"
2010,"15 years and over",30000,"Females"
2010,"15 to 24 years",13000,"Both sexes"
2010,"15 to 24 years",13800,"Males"
2010,"15 to 24 years",11800,"Females"
2010,"25 to 54 years",49200,"Both sexes"
2010,"25 to 54 years",58300,"Males"
2010,"25 to 54 years",41500,"Females"
2010,"25 to 34 years",43200,"Both sexes"
2010,"25 to 34 years",49800,"Males"
2010,"25 to 34 years",38100,"Females"
2010,"35 to 44 years",52000,"Both sexes"
2010,"35 to 44 years",65500,"Males"
2010,"35 to 44 years",44100,"Females"
2010,"45 to 54 years",52000,"Both sexes"
2010,"45 to 54 years",62700,"Males"
2010,"45 to 54 years",43000,"Females"
2010,"55 to 64 years",41900,"Both sexes"
2010,"55 to 64 years",53100,"Males"
2010,"55 to 64 years",29800,"Females"
2010,"65 years and over",29100,"Both sexes"
2010,"65 years and over",37100,"Males"
2010,"65 years and over",25100,"Females"
2011,"15 years and over",37600,"Both sexes"
2011,"15 years and over",46300,"Males"
2011,"15 years and over",30600,"Females"
2011,"15 to 24 years",13400,"Both sexes"
2011,"15 to 24 years",14400,"Males"
2011,"15 to 24 years",12400,"Females"
2011,"25 to 54 years",49900,"Both sexes"
2011,"25 to 54 years",59700,"Males"
2011,"25 to 54 years",41600,"Females"
2011,"25 to 34 years",43500,"Both sexes"
2011,"25 to 34 years",49000,"Males"
2011,"25 to 34 years",38300,"Females"
2011,"35 to 44 years",54400,"Both sexes"
2011,"35 to 44 years",68200,"Males"
2011,"35 to 44 years",43700,"Females"
2011,"45 to 54 years",51900,"Both sexes"
2011,"45 to 54 years",63200,"Males"
2011,"45 to 54 years",43500,"Females"
2011,"55 to 64 years",42300,"Both sexes"
2011,"55 to 64 years",52500,"Males"
2011,"55 to 64 years",32800,"Females"
2011,"65 years and over",29300,"Both sexes"
2011,"65 years and over",37300,"Males"
2011,"65 years and over",25100,"Females"
2012,"15 years and over",38300,"Both sexes"
2012,"15 years and over",47900,"Males"
2012,"15 years and over",31100,"Females"
2012,"15 to 24 years",12900,"Both sexes"
2012,"15 to 24 years",14000,"Males"
2012,"15 to 24 years",11900,"Females"
2012,"25 to 54 years",49100,"Both sexes"
2012,"25 to 54 years",59900,"Males"
2012,"25 to 54 years",40900,"Females"
2012,"25 to 34 years",42500,"Both sexes"
2012,"25 to 34 years",50000,"Males"
2012,"25 to 34 years",35500,"Females"
2012,"35 to 44 years",52400,"Both sexes"
2012,"35 to 44 years",64700,"Males"
2012,"35 to 44 years",43500,"Females"
2012,"45 to 54 years",53000,"Both sexes"
2012,"45 to 54 years",66100,"Males"
2012,"45 to 54 years",44400,"Females"
2012,"55 to 64 years",45300,"Both sexes"
2012,"55 to 64 years",56900,"Males"
2012,"55 to 64 years",33800,"Females"
2012,"65 years and over",31600,"Both sexes"
2012,"65 years and over",40800,"Males"
2012,"65 years and over",26600,"Females"
2013,"15 years and over",39200,"Both sexes"
2013,"15 years and over",47400,"Males"
2013,"15 years and over",32300,"Females"
2013,"15 to 24 years",12100,"Both sexes"
2013,"15 to 24 years",12700,"Males"
2013,"15 to 24 years",11800,"Females"
2013,"25 to 54 years",50400,"Both sexes"
2013,"25 to 54 years",59200,"Males"
2013,"25 to 54 years",42800,"Females"
2013,"25 to 34 years",42900,"Both sexes"
2013,"25 to 34 years",48400,"Males"
2013,"25 to 34 years",37000,"Females"
2013,"35 to 44 years",54100,"Both sexes"
2013,"35 to 44 years",63400,"Males"
2013,"35 to 44 years",45800,"Females"
2013,"45 to 54 years",55100,"Both sexes"
2013,"45 to 54 years",66100,"Males"
2013,"45 to 54 years",45900,"Females"
2013,"55 to 64 years",46600,"Both sexes"
2013,"55 to 64 years",56000,"Males"
2013,"55 to 64 years",35600,"Females"
2013,"65 years and over",31700,"Both sexes"
2013,"65 years and over",39700,"Males"
2013,"65 years and over",27100,"Females"
2014,"15 years and over",39800,"Both sexes"
2014,"15 years and over",48300,"Males"
2014,"15 years and over",32400,"Females"
2014,"15 to 24 years",12300,"Both sexes"
2014,"15 to 24 years",13300,"Males"
2014,"15 to 24 years",11900,"Females"
2014,"25 to 54 years",50000,"Both sexes"
2014,"25 to 54 years",59400,"Males"
2014,"25 to 54 years",42500,"Females"
2014,"25 to 34 years",41800,"Both sexes"
2014,"25 to 34 years",48700,"Males"
2014,"25 to 34 years",36500,"Females"
2014,"35 to 44 years",56100,"Both sexes"
2014,"35 to 44 years",67600,"Males"
2014,"35 to 44 years",47500,"Females"
2014,"45 to 54 years",53100,"Both sexes"
2014,"45 to 54 years",65900,"Males"
2014,"45 to 54 years",44600,"Females"
2014,"55 to 64 years",46900,"Both sexes"
2014,"55 to 64 years",58000,"Males"
2014,"55 to 64 years",37700,"Females"
2014,"65 years and over",31900,"Both sexes"
2014,"65 years and over",40700,"Males"
2014,"65 years and over",26800,"Females"
2015,"15 years and over",39500,"Both sexes"
2015,"15 years and over",48000,"Males"
2015,"15 years and over",32800,"Females"
2015,"15 to 24 years",13200,"Both sexes"
2015,"15 to 24 years",14000,"Males"
2015,"15 to 24 years",12300,"Females"
2015,"25 to 54 years",51200,"Both sexes"
2015,"25 to 54 years",60500,"Males"
2015,"25 to 54 years",42800,"Females"
2015,"25 to 34 years",44400,"Both sexes"
2015,"25 to 34 years",50700,"Males"
2015,"25 to 34 years",38800,"Females"
2015,"35 to 44 years",56100,"Both sexes"
2015,"35 to 44 years",67700,"Males"
2015,"35 to 44 years",46600,"Females"
2015,"45 to 54 years",54500,"Both sexes"
2015,"45 to 54 years",66100,"Males"
2015,"45 to 54 years",44700,"Females"
2015,"55 to 64 years",46600,"Both sexes"
2015,"55 to 64 years",55700,"Males"
2015,"55 to 64 years",38200,"Females"
2015,"65 years and over",31800,"Both sexes"
2015,"65 years and over",39800,"Males"
2015,"65 years and over",27300,"Females"
2016,"15 years and over",39700,"Both sexes"
2016,"15 years and over",47200,"Males"
2016,"15 years and over",33300,"Females"
2016,"15 to 24 years",14000,"Both sexes"
2016,"15 to 24 years",13900,"Males"
2016,"15 to 24 years",14000,"Females"
2016,"25 to 54 years",50800,"Both sexes"
2016,"25 to 54 years",59700,"Males"
2016,"25 to 54 years",43800,"Females"
2016,"25 to 34 years",43900,"Both sexes"
2016,"25 to 34 years",48800,"Males"
2016,"25 to 34 years",39100,"Females"
2016,"35 to 44 years",54600,"Both sexes"
2016,"35 to 44 years",65300,"Males"
2016,"35 to 44 years",46500,"Females"
2016,"45 to 54 years",55100,"Both sexes"
2016,"45 to 54 years",67000,"Males"
2016,"45 to 54 years",45800,"Females"
2016,"55 to 64 years",45700,"Both sexes"
2016,"55 to 64 years",55700,"Males"
2016,"55 to 64 years",37300,"Females"
2016,"65 years and over",31700,"Both sexes"
2016,"65 years and over",39100,"Males"
2016,"65 years and over",27300,"Females"
2017,"15 years and over",40600,"Both sexes"
2017,"15 years and over",48400,"Males"
2017,"15 years and over",34300,"Females"
2017,"15 to 24 years",13400,"Both sexes"
2017,"15 to 24 years",13700,"Males"
2017,"15 to 24 years",13300,"Females"
2017,"25 to 54 years",51700,"Both sexes"
2017,"25 to 54 years",59700,"Males"
2017,"25 to 54 years",45200,"Females"
2017,"25 to 34 years",44500,"Both sexes"
2017,"25 to 34 years",50300,"Males"
2017,"25 to 34 years",39200,"Females"
2017,"35 to 44 years",55800,"Both sexes"
2017,"35 to 44 years",65500,"Males"
2017,"35 to 44 years",48300,"Females"
2017,"45 to 54 years",57000,"Both sexes"
2017,"45 to 54 years",67600,"Males"
2017,"45 to 54 years",49400,"Females"
2017,"55 to 64 years",48100,"Both sexes"
2017,"55 to 64 years",58300,"Males"
2017,"55 to 64 years",38800,"Females"
2017,"65 years and over",32900,"Both sexes"
2017,"65 years and over",41500,"Males"
2017,"65 years and over",27600,"Females"
2018,"15 years and over",41000,"Both sexes"
2018,"15 years and over",48400,"Males"
2018,"15 years and over",34700,"Females"
2018,"15 to 24 years",14300,"Both sexes"
2018,"15 to 24 years",14900,"Males"
2018,"15 to 24 years",13600,"Females"
2018,"25 to 54 years",52400,"Both sexes"
2018,"25 to 54 years",61200,"Males"
2018,"25 to 54 years",45700,"Females"
2018,"25 to 34 years",44800,"Both sexes"
2018,"25 to 34 years",50900,"Males"
2018,"25 to 34 years",39700,"Females"
2018,"35 to 44 years",57600,"Both sexes"
2018,"35 to 44 years",68000,"Males"
2018,"35 to 44 years",49900,"Females"
2018,"45 to 54 years",57000,"Both sexes"
2018,"45 to 54 years",68300,"Males"
2018,"45 to 54 years",48100,"Females"
2018,"55 to 64 years",47100,"Both sexes"
2018,"55 to 64 years",57200,"Males"
2018,"55 to 64 years",39000,"Females"
2018,"65 years and over",33200,"Both sexes"
2018,"65 years and over",41600,"Males"
2018,"65 years and over",28400,"Females"
2019,"15 years and over",41800,"Both sexes"
2019,"15 years and over",48800,"Males"
2019,"15 years and over",35900,"Females"
2019,"15 to 24 years",14500,"Both sexes"
2019,"15 to 24 years",14900,"Males"
2019,"15 to 24 years",14000,"Females"
2019,"25 to 54 years",53900,"Both sexes"
2019,"25 to 54 years",62300,"Males"
2019,"25 to 54 years",47900,"Females"
2019,"25 to 34 years",46500,"Both sexes"
2019,"25 to 34 years",50700,"Males"
2019,"25 to 34 years",42400,"Females"
2019,"35 to 44 years",58600,"Both sexes"
2019,"35 to 44 years",68400,"Males"
2019,"35 to 44 years",51500,"Females"
2019,"45 to 54 years",59300,"Both sexes"
2019,"45 to 54 years",71800,"Males"
2019,"45 to 54 years",50600,"Females"
2019,"55 to 64 years",46500,"Both sexes"
2019,"55 to 64 years",56800,"Males"
2019,"55 to 64 years",37800,"Females"
2019,"65 years and over",33200,"Both sexes"
2019,"65 years and over",40300,"Males"
2019,"65 years and over",28600,"Females"
2020,"15 years and over",43600,"Both sexes"
2020,"15 years and over",49700,"Males"
2020,"15 years and over",38400,"Females"
2020,"15 to 24 years",20600,"Both sexes"
2020,"15 to 24 years",21900,"Males"
2020,"15 to 24 years",19300,"Females"
2020,"25 to 54 years",55100,"Both sexes"
2020,"25 to 54 years",61700,"Males"
2020,"25 to 54 years",49900,"Females"
2020,"25 to 34 years",47700,"Both sexes"
2020,"25 to 34 years",51400,"Males"
2020,"25 to 34 years",44700,"Females"
2020,"35 to 44 years",60500,"Both sexes"
2020,"35 to 44 years",69000,"Males"
2020,"35 to 44 years",54400,"Females"
2020,"45 to 54 years",59500,"Both sexes"
2020,"45 to 54 years",70300,"Males"
2020,"45 to 54 years",51900,"Females"
2020,"55 to 64 years",48400,"Both sexes"
2020,"55 to 64 years",57200,"Males"
2020,"55 to 64 years",41200,"Females"
2020,"65 years and over",35500,"Both sexes"
2020,"65 years and over",43300,"Males"
2020,"65 years and over",30100,"Females"
2021,"15 years and over",44000,"Both sexes"
2021,"15 years and over",50200,"Males"
2021,"15 years and over",38900,"Females"
2021,"15 to 24 years",17500,"Both sexes"
2021,"15 to 24 years",17700,"Males"
2021,"15 to 24 years",17300,"Females"
2021,"25 to 54 years",55900,"Both sexes"
2021,"25 to 54 years",64000,"Males"
2021,"25 to 54 years",50700,"Females"
2021,"25 to 34 years",50000,"Both sexes"
2021,"25 to 34 years",53800,"Males"
2021,"25 to 34 years",47200,"Females"
2021,"35 to 44 years",61100,"Both sexes"
2021,"35 to 44 years",70200,"Males"
2021,"35 to 44 years",53800,"Females"
2021,"45 to 54 years",59300,"Both sexes"
2021,"45 to 54 years",70500,"Males"
2021,"45 to 54 years",51600,"Females"
2021,"55 to 64 years",49500,"Both sexes"
2021,"55 to 64 years",58900,"Males"
2021,"55 to 64 years",40800,"Females"
2021,"65 years and over",35300,"Both sexes"
2021,"65 years and over",42800,"Males"
2021,"65 years and over",30000,"Females"
2022,"15 years and over",43100,"Both sexes"
2022,"15 years and over",49800,"Males"
2022,"15 years and over",37700,"Females"
2022,"15 to 24 years",15600,"Both sexes"
2022,"15 to 24 years",15900,"Males"
2022,"15 to 24 years",15400,"Females"
2022,"25 to 54 years",55300,"Both sexes"
2022,"25 to 54 years",62700,"Males"
2022,"25 to 54 years",49900,"Females"
2022,"25 to 34 years",48100,"Both sexes"
2022,"25 to 34 years",52100,"Males"
2022,"25 to 34 years",44900,"Females"
2022,"35 to 44 years",60300,"Both sexes"
2022,"35 to 44 years",68900,"Males"
2022,"35 to 44 years",52800,"Females"
2022,"45 to 54 years",60400,"Both sexes"
2022,"45 to 54 years",70900,"Males"
2022,"45 to 54 years",52900,"Females"
2022,"55 to 64 years",48900,"Both sexes"
2022,"55 to 64 years",58100,"Males"
2022,"55 to 64 years",41100,"Females"
2022,"65 years and over",34600,"Both sexes"
2022,"65 years and over",41700,"Males"
2022,"65 years and over",29800,"Females"
